Age,Daily_Screen_Time(hrs),Sleep_Quality(1-10),Days_Without_Social_Media,Exercise_Frequency(week),Happiness_Index(1-10),Stress_Binary,Gender_Female,Gender_Male,Gender_Other,Social_Media_Platform_Facebook,Social_Media_Platform_Instagram,Social_Media_Platform_LinkedIn,Social_Media_Platform_TikTok,Social_Media_Platform_X (Twitter),Social_Media_Platform_YouTube
1.110089852753497,-1.427054982035713,0.4561819638096454,-0.6115712364825727,1.8329430767855237,1.0730374548882362,1,0,1,0,1,0,0,0,0,0
-0.29836326939528524,-0.24725788046105943,0.4561819638096454,1.0019358555140019,0.40684148292572814,1.0730374548882362,1,0,0,1,0,0,1,0,0,0
-1.0025898304696763,1.109508786349793,-0.20348641534366116,-1.1494069338147643,0.40684148292572814,-1.584773169953537,1,0,0,1,0,0,0,0,0,1
0.30525949723990714,0.10668125001133705,0.4561819638096454,-1.1494069338147643,-1.0192601109340673,-0.25586785753265034,1,1,0,0,0,0,0,1,0,0
0.1040519083615097,0.8735493660348619,-1.5228231736502742,1.0019358555140019,-1.0192601109340673,-0.25586785753265034,1,1,0,0,0,0,0,0,1,0
0.5064670861183046,0.637589945719931,-0.8631547944969676,0.4641001581818104,0.40684148292572814,-0.25586785753265034,1,0,1,0,0,0,1,0,0,0
-0.7007784471520802,1.3454682066647234,-1.5228231736502742,-0.6115712364825727,-1.7323109078639651,-0.9203205137430936,1,1,0,0,0,0,0,1,0,0
-0.7007784471520802,1.109508786349793,-0.8631547944969676,-1.1494069338147643,1.119892279855626,-0.9203205137430936,1,1,0,0,0,1,0,0,0,0
0.6070708805575034,-0.48321730077598984,0.4561819638096454,1.5397715528461935,-1.0192601109340673,0.40858479867779296,1,0,1,0,0,0,0,0,0,1
0.6070708805575034,0.637589945719931,-0.20348641534366116,-1.687242631146956,-0.3062093140041697,-0.9203205137430936,1,1,0,0,1,0,0,0,0,0
-1.50560880266567,-1.6040245472719112,0.4561819638096454,-0.6115712364825727,-1.7323109078639651,-0.9203205137430936,1,1,0,0,0,1,0,0,0,0
0.4058632916791059,-0.07028831522486093,-0.8631547944969676,-0.07373553915038115,-0.3062093140041697,0.40858479867779296,1,0,0,1,0,1,0,0,0,0
-1.6062125971048686,0.8735493660348619,0.4561819638096454,2.077607250178385,-1.0192601109340673,-0.25586785753265034,1,1,0,0,0,0,0,0,0,1
0.6070708805575034,0.10668125001133705,-0.8631547944969676,0.4641001581818104,-1.7323109078639651,-0.25586785753265034,1,1,0,0,1,0,0,0,0,0
1.2106936471926957,0.460620380483733,0.4561819638096454,0.4641001581818104,0.40684148292572814,0.40858479867779296,1,0,1,0,0,0,0,0,1,0
-1.6062125971048686,-0.24725788046105943,0.4561819638096454,-0.6115712364825727,1.8329430767855237,1.0730374548882362,1,1,0,0,0,0,1,0,0,0
0.30525949723990714,1.1684986414285254,-0.8631547944969676,0.4641001581818104,1.119892279855626,-0.9203205137430936,1,1,0,0,1,0,0,0,0,0
1.5125050305102918,-0.07028831522486093,-0.20348641534366116,-0.07373553915038115,1.119892279855626,1.0730374548882362,0,0,1,0,0,0,0,1,0,0
-0.6001746527128814,-0.48321730077598984,-0.20348641534366116,-1.687242631146956,-0.3062093140041697,0.40858479867779296,1,0,1,0,0,1,0,0,0,0
0.4058632916791059,0.9325392211135944,-0.20348641534366116,1.0019358555140019,1.119892279855626,1.0730374548882362,1,0,1,0,0,0,0,1,0,0
0.7076746749967021,-1.4860448371144457,1.1158503429629518,1.0019358555140019,1.119892279855626,1.0730374548882362,0,1,0,0,0,0,0,0,1,0
0.9088822638750995,0.519610235562466,0.4561819638096454,1.0019358555140019,0.40684148292572814,1.0730374548882362,1,0,0,1,0,0,0,1,0,0
1.0094860583142982,-1.1321057066420495,1.1158503429629518,-0.07373553915038115,-1.0192601109340673,0.40858479867779296,0,0,1,0,1,0,0,0,0,0
-0.19775947495608648,1.3454682066647234,-0.8631547944969676,-1.1494069338147643,-0.3062093140041697,-0.9203205137430936,1,1,0,0,0,0,0,1,0,0
-0.29836326939528524,-0.3062477355397919,-0.20348641534366116,-1.687242631146956,1.8329430767855237,-0.25586785753265034,1,0,1,0,0,0,0,0,1,0
-1.50560880266567,0.10668125001133705,-0.20348641534366116,-0.07373553915038115,-0.3062093140041697,-0.25586785753265034,1,0,0,1,0,0,0,0,1,0
-1.103193624908875,0.4016305254050005,-0.8631547944969676,1.0019358555140019,-1.7323109078639651,-1.584773169953537,1,1,0,0,0,0,0,0,1,0
0.30525949723990714,-2.0759433879017726,1.1158503429629518,1.0019358555140019,-1.7323109078639651,1.0730374548882362,0,1,0,0,1,0,0,0,0,0
-0.9019860360304776,-0.7191767210909208,-0.20348641534366116,1.0019358555140019,-0.3062093140041697,1.0730374548882362,1,0,1,0,0,0,0,0,1,0
0.00344811392231097,1.109508786349793,-0.20348641534366116,-0.07373553915038115,1.119892279855626,-0.25586785753265034,1,0,1,0,0,1,0,0,0,0
-1.4050050082264713,0.9325392211135944,-0.8631547944969676,1.0019358555140019,-0.3062093140041697,0.40858479867779296,1,0,1,0,0,0,0,0,1,0
0.7076746749967021,0.283650815247535,-0.20348641534366116,1.0019358555140019,1.119892279855626,-0.9203205137430936,1,0,1,0,0,0,0,1,0,0
-0.39896706383448394,-1.427054982035713,1.1158503429629518,-0.6115712364825727,-0.3062093140041697,1.0730374548882362,0,1,0,0,0,0,1,0,0,0
-0.9019860360304776,0.637589945719931,-0.20348641534366116,0.4641001581818104,-1.7323109078639651,-0.9203205137430936,1,1,0,0,0,0,0,1,0,0
0.8082784694359008,0.7555696558773964,1.1158503429629518,-0.6115712364825727,-0.3062093140041697,0.40858479867779296,1,0,0,1,0,0,1,0,0,0
-1.6062125971048686,0.04769139493260404,-0.20348641534366116,0.4641001581818104,0.40684148292572814,-0.9203205137430936,1,0,0,1,0,0,0,1,0,0
0.20465570280070844,1.2864783515859908,-1.5228231736502742,-1.687242631146956,0.40684148292572814,-0.25586785753265034,1,1,0,0,1,0,0,0,0,0
1.0094860583142982,-0.7191767210909208,1.1158503429629518,-1.1494069338147643,-1.0192601109340673,1.0730374548882362,0,1,0,0,0,0,0,1,0,0
-1.103193624908875,-0.5422071558547229,-1.5228231736502742,1.0019358555140019,-0.3062093140041697,0.40858479867779296,1,0,0,1,1,0,0,0,0,0
-0.39896706383448394,0.9915290761923274,-0.8631547944969676,0.4641001581818104,-1.0192601109340673,1.0730374548882362,1,0,1,0,0,0,0,0,1,0
-0.09715568051688776,0.3426406703262675,-0.8631547944969676,-0.07373553915038115,0.40684148292572814,-0.9203205137430936,1,0,1,0,0,1,0,0,0,0
-1.4050050082264713,-1.7809941125081092,1.7755187221162583,-1.687242631146956,-1.7323109078639651,1.0730374548882362,0,0,1,0,0,0,1,0,0,0
-1.6062125971048686,-1.8989738226655746,1.7755187221162583,-0.07373553915038115,1.119892279855626,1.0730374548882362,0,0,0,1,0,0,0,0,1,0
-1.2037974193480738,-0.9551361414058516,-0.20348641534366116,0.4641001581818104,-1.0192601109340673,-0.25586785753265034,1,1,0,0,0,0,0,0,1,0
-1.4050050082264713,0.8145595109561294,-0.8631547944969676,-0.6115712364825727,0.40684148292572814,0.40858479867779296,1,0,1,0,1,0,0,0,0,0
1.110089852753497,-0.3062477355397919,-1.5228231736502742,-0.6115712364825727,-1.0192601109340673,-0.25586785753265034,1,1,0,0,1,0,0,0,0,0
0.00344811392231097,-0.8371564312483863,1.1158503429629518,1.5397715528461935,0.40684148292572814,0.40858479867779296,1,1,0,0,0,0,1,0,0,0
0.8082784694359008,-1.0731158515633168,1.1158503429629518,-0.07373553915038115,-1.0192601109340673,0.40858479867779296,1,0,1,0,0,0,0,1,0,0
1.6131088249494907,-1.1321057066420495,0.4561819638096454,0.4641001581818104,-1.0192601109340673,0.40858479867779296,0,0,1,0,0,0,0,1,0,0
-0.8013822415912789,-2.0759433879017726,1.7755187221162583,1.0019358555140019,0.40684148292572814,1.0730374548882362,0,1,0,0,0,0,0,0,1,0
-0.39896706383448394,-1.3090752718782477,0.4561819638096454,-1.1494069338147643,-0.3062093140041697,1.0730374548882362,0,1,0,0,0,0,0,0,0,1
1.3112974416318945,-1.1321057066420495,0.4561819638096454,-0.07373553915038115,0.40684148292572814,1.0730374548882362,0,1,0,0,0,0,0,0,0,1
-0.29836326939528524,0.696579800798664,-0.20348641534366116,1.5397715528461935,-0.3062093140041697,-0.9203205137430936,1,1,0,0,0,0,0,1,0,0
-1.0025898304696763,-0.1882680253823264,-0.20348641534366116,2.077607250178385,0.40684148292572814,-0.25586785753265034,1,1,0,0,0,0,0,0,0,1
-0.39896706383448394,-0.8961462863271188,0.4561819638096454,-0.07373553915038115,0.40684148292572814,1.0730374548882362,0,1,0,0,0,0,0,1,0,0
0.5064670861183046,2.466275453160644,-2.182491552803581,-0.07373553915038115,-0.3062093140041697,-2.9136784823744235,1,1,0,0,1,0,0,0,0,0
0.30525949723990714,-0.7191767210909208,0.4561819638096454,0.4641001581818104,-1.0192601109340673,0.40858479867779296,1,1,0,0,0,0,0,0,1,0
-0.19775947495608648,1.2274884965072579,-0.8631547944969676,-0.07373553915038115,-0.3062093140041697,-1.584773169953537,1,0,1,0,0,1,0,0,0,0
0.00344811392231097,1.6994073371371199,-1.5228231736502742,1.5397715528461935,1.119892279855626,-0.9203205137430936,1,0,1,0,0,0,0,0,1,0
0.6070708805575034,-1.6630144023506437,1.7755187221162583,-1.1494069338147643,0.40684148292572814,1.0730374548882362,0,0,1,0,0,0,0,1,0,0
0.8082784694359008,0.04769139493260404,-0.20348641534366116,-0.6115712364825727,-1.0192601109340673,0.40858479867779296,1,1,0,0,0,0,0,1,0,0
0.7076746749967021,-0.5422071558547229,0.4561819638096454,-1.1494069338147643,0.40684148292572814,1.0730374548882362,1,1,0,0,0,0,0,0,1,0
1.110089852753497,-0.6601868660121878,-0.20348641534366116,-1.1494069338147643,0.40684148292572814,0.40858479867779296,1,1,0,0,0,0,1,0,0,0
-0.29836326939528524,0.5786000906411984,-1.5228231736502742,0.4641001581818104,0.40684148292572814,-2.2492258261639804,1,0,1,0,0,0,0,1,0,0
-1.7068163915440675,-0.6601868660121878,1.1158503429629518,1.0019358555140019,-1.0192601109340673,1.0730374548882362,0,0,1,0,0,0,0,0,0,1
0.7076746749967021,-0.5422071558547229,0.4561819638096454,-0.6115712364825727,-1.0192601109340673,1.0730374548882362,1,0,1,0,0,0,0,0,0,1
-1.103193624908875,-0.1882680253823264,1.7755187221162583,1.0019358555140019,-1.0192601109340673,1.0730374548882362,1,0,1,0,0,0,0,1,0,0
-0.9019860360304776,-0.4242274456972574,-0.20348641534366116,1.0019358555140019,-0.3062093140041697,-0.9203205137430936,1,1,0,0,0,0,0,1,0,0
0.6070708805575034,-1.250085416799515,1.1158503429629518,2.077607250178385,0.40684148292572814,1.0730374548882362,1,0,1,0,0,0,1,0,0,0
-1.7068163915440675,0.8145595109561294,-0.8631547944969676,-0.07373553915038115,0.40684148292572814,-2.2492258261639804,1,0,1,0,0,0,0,0,0,1
-1.0025898304696763,1.109508786349793,-0.20348641534366116,-0.6115712364825727,0.40684148292572814,-0.25586785753265034,1,1,0,0,0,0,0,1,0,0
0.6070708805575034,0.3426406703262675,-0.8631547944969676,-1.1494069338147643,1.8329430767855237,1.0730374548882362,0,0,1,0,0,0,0,1,0,0
-0.7007784471520802,-0.4242274456972574,-0.20348641534366116,-1.1494069338147643,1.119892279855626,-0.25586785753265034,1,1,0,0,0,0,1,0,0,0
-0.09715568051688776,-0.7781665761696533,1.1158503429629518,1.0019358555140019,-0.3062093140041697,-0.25586785753265034,1,1,0,0,0,0,1,0,0,0
-1.0025898304696763,-0.7781665761696533,0.4561819638096454,-1.687242631146956,-1.0192601109340673,1.0730374548882362,0,0,1,0,0,0,0,0,1,0
1.5125050305102918,2.466275453160644,-1.5228231736502742,1.0019358555140019,-1.0192601109340673,-2.2492258261639804,1,1,0,0,0,0,1,0,0,0
-1.3044012137872725,0.9915290761923274,-0.20348641534366116,-1.1494069338147643,-0.3062093140041697,-1.584773169953537,1,1,0,0,0,1,0,0,0,0
1.0094860583142982,-0.8961462863271188,0.4561819638096454,-0.6115712364825727,1.119892279855626,0.40858479867779296,1,0,0,1,0,0,0,0,0,1
-1.103193624908875,0.16567110509006952,-0.20348641534366116,-0.07373553915038115,-0.3062093140041697,-0.9203205137430936,1,0,1,0,0,0,0,0,1,0
-0.9019860360304776,-0.4242274456972574,-0.20348641534366116,-0.6115712364825727,-0.3062093140041697,-0.25586785753265034,1,1,0,0,0,1,0,0,0,0
-1.0025898304696763,0.637589945719931,-0.20348641534366116,1.0019358555140019,-1.0192601109340673,-0.25586785753265034,1,1,0,0,0,0,0,1,0,0
-0.6001746527128814,0.5786000906411984,0.4561819638096454,2.077607250178385,-0.3062093140041697,-0.25586785753265034,1,0,1,0,0,0,0,1,0,0
1.6131088249494907,1.1684986414285254,-1.5228231736502742,-0.6115712364825727,1.119892279855626,-0.25586785753265034,1,0,1,0,0,0,0,0,1,0
1.5125050305102918,-0.8961462863271188,0.4561819638096454,-0.6115712364825727,1.8329430767855237,1.0730374548882362,0,0,0,1,0,0,1,0,0,0
0.5064670861183046,0.10668125001133705,-0.8631547944969676,-0.07373553915038115,-0.3062093140041697,0.40858479867779296,1,1,0,0,0,0,0,1,0,0
0.6070708805575034,-1.839983967586842,0.4561819638096454,0.4641001581818104,-0.3062093140041697,1.0730374548882362,0,0,1,0,1,0,0,0,0,0
0.4058632916791059,-1.3680651269569801,1.1158503429629518,-0.07373553915038115,-1.0192601109340673,1.0730374548882362,1,1,0,0,0,0,0,0,1,0
0.9088822638750995,0.9325392211135944,-2.182491552803581,1.5397715528461935,1.8329430767855237,-1.584773169953537,1,0,1,0,0,1,0,0,0,0
-1.7068163915440675,-1.0141259964845843,2.4351871012695647,1.0019358555140019,-1.7323109078639651,1.0730374548882362,1,0,1,0,0,0,0,0,1,0
-0.39896706383448394,-0.8961462863271188,-0.20348641534366116,-1.1494069338147643,1.119892279855626,0.40858479867779296,0,0,1,0,0,0,0,0,0,1
-1.50560880266567,-0.01129846014612844,-0.20348641534366116,0.4641001581818104,-0.3062093140041697,0.40858479867779296,1,0,1,0,0,0,1,0,0,0
-1.7068163915440675,0.7555696558773964,0.4561819638096454,1.5397715528461935,-0.3062093140041697,0.40858479867779296,1,0,1,0,0,0,1,0,0,0
-1.3044012137872725,-1.1321057066420495,0.4561819638096454,-0.6115712364825727,-1.0192601109340673,-0.25586785753265034,1,0,1,0,0,0,0,0,1,0
0.8082784694359008,-2.6658419386890997,0.4561819638096454,-0.6115712364825727,2.5459938737154215,1.0730374548882362,0,1,0,0,0,0,0,1,0,0
-0.39896706383448394,-0.9551361414058516,0.4561819638096454,-0.6115712364825727,0.40684148292572814,1.0730374548882362,1,0,1,0,0,0,0,1,0,0
0.9088822638750995,1.2864783515859908,-1.5228231736502742,-0.6115712364825727,0.40684148292572814,-0.25586785753265034,1,0,1,0,1,0,0,0,0,0
-0.9019860360304776,0.3426406703262675,-1.5228231736502742,-1.687242631146956,1.119892279855626,-1.584773169953537,1,1,0,0,1,0,0,0,0,0
-0.29836326939528524,1.4044580617434563,-0.8631547944969676,-1.687242631146956,-0.3062093140041697,-0.25586785753265034,1,1,0,0,0,0,1,0,0,0
-0.29836326939528524,-1.1910955617207823,1.1158503429629518,-0.07373553915038115,0.40684148292572814,1.0730374548882362,0,1,0,0,1,0,0,0,0,0
0.8082784694359008,-1.7809941125081092,1.7755187221162583,1.5397715528461935,0.40684148292572814,1.0730374548882362,0,0,1,0,0,1,0,0,0,0
-0.4995708582736827,0.460620380483733,-0.8631547944969676,-0.6115712364825727,-0.3062093140041697,-0.9203205137430936,1,0,1,0,1,0,0,0,0,0
1.4119012360710932,0.22466096016880252,-1.5228231736502742,-0.6115712364825727,1.119892279855626,-0.9203205137430936,1,0,1,0,0,1,0,0,0,0
1.4119012360710932,0.283650815247535,-0.20348641534366116,1.5397715528461935,-0.3062093140041697,0.40858479867779296,1,0,1,0,1,0,0,0,0,0
-1.4050050082264713,0.9915290761923274,-0.8631547944969676,-1.1494069338147643,-1.7323109078639651,0.40858479867779296,1,0,1,0,0,0,1,0,0,0
1.2106936471926957,0.460620380483733,0.4561819638096454,-1.687242631146956,-0.3062093140041697,-1.584773169953537,1,0,1,0,0,0,1,0,0,0
0.5064670861183046,0.4016305254050005,0.4561819638096454,-1.1494069338147643,0.40684148292572814,0.40858479867779296,1,0,1,0,0,1,0,0,0,0
-0.29836326939528524,0.7555696558773964,0.4561819638096454,-0.6115712364825727,-1.0192601109340673,1.0730374548882362,1,0,1,0,0,0,0,0,1,0
1.110089852753497,0.519610235562466,-0.20348641534366116,-1.687242631146956,-1.0192601109340673,-0.9203205137430936,1,0,1,0,0,0,1,0,0,0
-0.4995708582736827,0.8735493660348619,-0.20348641534366116,-0.07373553915038115,-0.3062093140041697,-0.25586785753265034,1,0,1,0,0,0,0,0,1,0
1.4119012360710932,1.0505189312710599,-1.5228231736502742,1.0019358555140019,1.119892279855626,-0.25586785753265034,1,0,1,0,0,0,0,1,0,0
-1.103193624908875,1.6404174820583872,-0.8631547944969676,-1.687242631146956,-0.3062093140041697,-1.584773169953537,1,1,0,0,0,1,0,0,0,0
0.4058632916791059,-0.7191767210909208,-0.20348641534366116,-0.07373553915038115,1.8329430767855237,0.40858479867779296,1,1,0,0,0,0,1,0,0,0
1.0094860583142982,0.519610235562466,-0.20348641534366116,0.4641001581818104,-0.3062093140041697,-0.9203205137430936,1,0,1,0,0,0,0,0,0,1
-1.6062125971048686,-0.4242274456972574,0.4561819638096454,-0.07373553915038115,0.40684148292572814,1.0730374548882362,1,1,0,0,0,0,0,1,0,0
-1.2037974193480738,-0.8961462863271188,1.7755187221162583,-0.07373553915038115,-0.3062093140041697,1.0730374548882362,0,1,0,0,0,0,0,0,1,0
1.0094860583142982,-0.7191767210909208,0.4561819638096454,-0.07373553915038115,1.119892279855626,0.40858479867779296,1,0,1,0,0,0,1,0,0,0
1.0094860583142982,0.519610235562466,-0.20348641534366116,-1.1494069338147643,-1.0192601109340673,0.40858479867779296,1,1,0,0,0,1,0,0,0,0
0.20465570280070844,0.460620380483733,-0.20348641534366116,1.5397715528461935,1.119892279855626,0.40858479867779296,1,1,0,0,1,0,0,0,0,0
1.2106936471926957,0.4016305254050005,-0.8631547944969676,1.0019358555140019,0.40684148292572814,-0.25586785753265034,1,0,1,0,0,0,0,0,0,1
-0.7007784471520802,-0.24725788046105943,-0.20348641534366116,1.0019358555140019,-0.3062093140041697,0.40858479867779296,0,0,1,0,0,0,0,0,1,0
1.0094860583142982,-0.01129846014612844,1.1158503429629518,1.0019358555140019,-0.3062093140041697,1.0730374548882362,1,1,0,0,0,0,0,1,0,0
0.7076746749967021,0.8735493660348619,-1.5228231736502742,-1.687242631146956,1.8329430767855237,-0.25586785753265034,1,1,0,0,0,1,0,0,0,0
1.5125050305102918,-1.6040245472719112,0.4561819638096454,1.0019358555140019,0.40684148292572814,1.0730374548882362,0,0,1,0,0,0,0,0,0,1
-1.7068163915440675,-0.01129846014612844,0.4561819638096454,0.4641001581818104,-1.0192601109340673,0.40858479867779296,1,0,1,0,0,1,0,0,0,0
0.9088822638750995,0.10668125001133705,0.4561819638096454,-1.687242631146956,-1.0192601109340673,0.40858479867779296,1,0,1,0,0,0,1,0,0,0
-0.4995708582736827,0.8145595109561294,-0.8631547944969676,-0.07373553915038115,0.40684148292572814,-0.25586785753265034,1,1,0,0,1,0,0,0,0,0
-1.50560880266567,-1.427054982035713,0.4561819638096454,0.4641001581818104,0.40684148292572814,0.40858479867779296,1,1,0,0,0,0,0,1,0,0
-1.2037974193480738,1.5814276269796539,-0.8631547944969676,1.5397715528461935,1.119892279855626,-0.9203205137430936,1,0,1,0,0,1,0,0,0,0
-1.0025898304696763,0.22466096016880252,-0.8631547944969676,0.4641001581818104,-1.7323109078639651,0.40858479867779296,0,0,1,0,0,0,0,0,1,0
0.9088822638750995,0.283650815247535,-0.8631547944969676,-1.1494069338147643,-1.0192601109340673,-0.9203205137430936,1,1,0,0,0,0,1,0,0,0
-0.9019860360304776,-0.4242274456972574,1.1158503429629518,1.5397715528461935,1.119892279855626,1.0730374548882362,0,0,1,0,0,0,1,0,0,0
1.5125050305102918,0.5786000906411984,-0.20348641534366116,-0.07373553915038115,0.40684148292572814,-0.25586785753265034,1,0,1,0,0,0,0,1,0,0
0.6070708805575034,0.04769139493260404,1.1158503429629518,-0.6115712364825727,0.40684148292572814,0.40858479867779296,1,1,0,0,0,0,1,0,0,0
-0.29836326939528524,1.2864783515859908,-1.5228231736502742,-0.6115712364825727,-1.0192601109340673,-0.25586785753265034,1,1,0,0,0,0,0,0,1,0
1.4119012360710932,-1.5450346921931786,1.1158503429629518,-1.687242631146956,-1.0192601109340673,1.0730374548882362,0,1,0,0,0,1,0,0,0,0
1.4119012360710932,0.16567110509006952,-0.20348641534366116,-0.07373553915038115,1.119892279855626,1.0730374548882362,1,1,0,0,0,0,0,1,0,0
0.6070708805575034,0.4016305254050005,-0.8631547944969676,0.4641001581818104,1.119892279855626,-0.9203205137430936,1,0,1,0,0,0,1,0,0,0
-0.6001746527128814,-0.1882680253823264,0.4561819638096454,-0.6115712364825727,-1.0192601109340673,1.0730374548882362,0,0,1,0,0,0,1,0,0,0
-1.6062125971048686,-0.4242274456972574,1.1158503429629518,0.4641001581818104,-1.0192601109340673,1.0730374548882362,0,1,0,0,0,0,0,0,1,0
-1.50560880266567,-0.4242274456972574,-0.20348641534366116,-1.1494069338147643,-0.3062093140041697,1.0730374548882362,0,0,1,0,1,0,0,0,0,0
-0.09715568051688776,0.16567110509006952,-0.20348641534366116,-0.07373553915038115,-1.0192601109340673,1.0730374548882362,1,0,1,0,1,0,0,0,0,0
-1.6062125971048686,-1.9579636777443072,2.4351871012695647,0.4641001581818104,-1.0192601109340673,1.0730374548882362,0,0,1,0,0,0,1,0,0,0
-1.6062125971048686,0.9915290761923274,0.4561819638096454,-0.07373553915038115,-1.0192601109340673,-0.25586785753265034,1,0,1,0,0,1,0,0,0,0
1.0094860583142982,-0.5422071558547229,1.1158503429629518,-1.687242631146956,-0.3062093140041697,0.40858479867779296,1,0,1,0,0,0,0,1,0,0
0.5064670861183046,0.10668125001133705,0.4561819638096454,-0.6115712364825727,-1.0192601109340673,1.0730374548882362,0,0,1,0,0,0,1,0,0,0
1.4119012360710932,0.4016305254050005,-0.8631547944969676,1.5397715528461935,-1.0192601109340673,0.40858479867779296,1,0,1,0,0,0,0,0,0,1
1.5125050305102918,-0.5422071558547229,0.4561819638096454,-0.6115712364825727,0.40684148292572814,1.0730374548882362,0,0,1,0,0,0,0,1,0,0
-1.7068163915440675,-0.12927817030359393,0.4561819638096454,-0.07373553915038115,-0.3062093140041697,1.0730374548882362,1,1,0,0,1,0,0,0,0,0
0.1040519083615097,-2.193923098059238,1.7755187221162583,-0.07373553915038115,0.40684148292572814,1.0730374548882362,1,1,0,0,0,0,1,0,0,0
-1.6062125971048686,0.7555696558773964,-0.8631547944969676,1.5397715528461935,-1.7323109078639651,-1.584773169953537,1,1,0,0,0,0,0,0,1,0
0.8082784694359008,1.109508786349793,-1.5228231736502742,1.5397715528461935,0.40684148292572814,-2.2492258261639804,1,1,0,0,0,0,0,0,0,1
1.4119012360710932,-1.839983967586842,0.4561819638096454,1.0019358555140019,2.5459938737154215,0.40858479867779296,1,1,0,0,0,0,1,0,0,0
-1.2037974193480738,-0.4242274456972574,-0.8631547944969676,-1.1494069338147643,-0.3062093140041697,-0.25586785753265034,1,0,1,0,0,1,0,0,0,0
1.4119012360710932,-1.3090752718782477,1.1158503429629518,0.4641001581818104,1.119892279855626,1.0730374548882362,0,1,0,0,0,0,0,0,0,1
-1.4050050082264713,-0.1882680253823264,0.4561819638096454,0.4641001581818104,1.119892279855626,1.0730374548882362,0,1,0,0,0,0,1,0,0,0
-0.7007784471520802,0.696579800798664,-0.8631547944969676,-0.6115712364825727,1.119892279855626,-0.25586785753265034,1,1,0,0,0,1,0,0,0,0
-0.09715568051688776,1.0505189312710599,-0.8631547944969676,-1.1494069338147643,0.40684148292572814,-0.25586785753265034,1,0,1,0,0,0,0,0,0,1
0.6070708805575034,1.1684986414285254,-0.8631547944969676,1.5397715528461935,0.40684148292572814,-0.9203205137430936,1,0,1,0,0,1,0,0,0,0
-1.3044012137872725,1.4044580617434563,-0.8631547944969676,-0.6115712364825727,1.119892279855626,-2.2492258261639804,1,0,1,0,0,1,0,0,0,0
1.6131088249494907,-0.24725788046105943,-0.8631547944969676,1.5397715528461935,0.40684148292572814,-0.25586785753265034,1,0,1,0,0,0,0,0,0,1
-1.2037974193480738,-1.250085416799515,1.7755187221162583,1.0019358555140019,-1.0192601109340673,-0.25586785753265034,1,1,0,0,0,0,0,0,0,1
0.4058632916791059,-0.12927817030359393,0.4561819638096454,0.4641001581818104,-1.7323109078639651,1.0730374548882362,1,1,0,0,0,1,0,0,0,0
-0.7007784471520802,0.637589945719931,-0.20348641534366116,0.4641001581818104,-1.7323109078639651,-0.25586785753265034,1,0,1,0,1,0,0,0,0,0
-0.19775947495608648,-1.3090752718782477,1.7755187221162583,-1.687242631146956,-0.3062093140041697,1.0730374548882362,0,0,0,1,0,0,0,0,0,1
1.5125050305102918,1.7583971922158523,-1.5228231736502742,-0.07373553915038115,0.40684148292572814,-0.25586785753265034,1,1,0,0,0,0,1,0,0,0
-0.9019860360304776,0.9325392211135944,-0.20348641534366116,1.5397715528461935,-1.0192601109340673,-0.9203205137430936,1,0,1,0,0,0,0,1,0,0
-1.2037974193480738,-0.24725788046105943,-0.20348641534366116,0.4641001581818104,1.119892279855626,1.0730374548882362,0,0,1,0,0,0,0,0,1,0
-0.19775947495608648,-0.7781665761696533,1.1158503429629518,-0.07373553915038115,-0.3062093140041697,1.0730374548882362,1,0,1,0,0,1,0,0,0,0
1.110089852753497,-0.7191767210909208,1.1158503429629518,1.5397715528461935,-0.3062093140041697,1.0730374548882362,1,0,1,0,0,1,0,0,0,0
-1.50560880266567,0.04769139493260404,-0.8631547944969676,-0.07373553915038115,-1.0192601109340673,-1.584773169953537,1,0,1,0,0,0,0,0,1,0
0.20465570280070844,-0.24725788046105943,0.4561819638096454,-0.6115712364825727,-1.7323109078639651,-0.9203205137430936,1,0,1,0,1,0,0,0,0,0
0.1040519083615097,0.9915290761923274,-0.20348641534366116,-0.07373553915038115,0.40684148292572814,-0.25586785753265034,1,0,1,0,0,0,0,0,1,0
0.8082784694359008,-0.3652375906185244,0.4561819638096454,1.0019358555140019,1.8329430767855237,1.0730374548882362,0,0,1,0,0,0,0,0,0,1
-1.50560880266567,0.519610235562466,-0.20348641534366116,-1.687242631146956,-0.3062093140041697,-0.25586785753265034,1,1,0,0,0,0,0,0,1,0
0.1040519083615097,-0.07028831522486093,-0.20348641534366116,0.4641001581818104,-1.7323109078639651,1.0730374548882362,1,0,1,0,0,1,0,0,0,0
0.20465570280070844,0.283650815247535,0.4561819638096454,1.0019358555140019,1.119892279855626,-0.25586785753265034,1,1,0,0,0,0,0,0,1,0
1.4119012360710932,-0.24725788046105943,0.4561819638096454,-0.6115712364825727,-1.7323109078639651,0.40858479867779296,0,0,1,0,0,0,0,1,0,0
-1.103193624908875,0.7555696558773964,-0.8631547944969676,1.0019358555140019,-1.0192601109340673,-0.9203205137430936,1,0,0,1,0,0,1,0,0,0
1.5125050305102918,0.7555696558773964,-1.5228231736502742,0.4641001581818104,-0.3062093140041697,-0.9203205137430936,1,0,1,0,0,0,0,0,0,1
0.00344811392231097,0.460620380483733,-0.20348641534366116,2.077607250178385,0.40684148292572814,-1.584773169953537,1,0,1,0,0,0,0,0,1,0
-1.7068163915440675,0.637589945719931,-0.20348641534366116,-1.1494069338147643,-1.0192601109340673,-0.25586785753265034,1,0,0,1,0,1,0,0,0,0
-0.7007784471520802,-1.0141259964845843,2.4351871012695647,1.0019358555140019,-0.3062093140041697,1.0730374548882362,1,1,0,0,0,0,1,0,0,0
1.0094860583142982,0.3426406703262675,0.4561819638096454,-1.1494069338147643,1.119892279855626,-0.9203205137430936,1,1,0,0,0,0,0,0,0,1
0.7076746749967021,1.2864783515859908,-2.182491552803581,-1.687242631146956,1.119892279855626,-2.2492258261639804,1,0,1,0,0,1,0,0,0,0
0.5064670861183046,0.519610235562466,-0.20348641534366116,-1.687242631146956,1.119892279855626,-0.25586785753265034,1,0,1,0,1,0,0,0,0,0
1.3112974416318945,-1.1321057066420495,1.7755187221162583,0.4641001581818104,1.8329430767855237,1.0730374548882362,0,1,0,0,0,0,0,1,0,0
1.2106936471926957,-0.07028831522486093,0.4561819638096454,-0.07373553915038115,1.119892279855626,-0.9203205137430936,1,1,0,0,1,0,0,0,0,0
-1.103193624908875,0.4016305254050005,-0.20348641534366116,-0.6115712364825727,-0.3062093140041697,-1.584773169953537,1,1,0,0,0,0,0,1,0,0
-0.19775947495608648,-0.8371564312483863,1.1158503429629518,-1.687242631146956,1.119892279855626,1.0730374548882362,1,1,0,0,0,0,0,0,1,0
0.8082784694359008,-1.427054982035713,0.4561819638096454,-0.6115712364825727,0.40684148292572814,0.40858479867779296,1,0,1,0,0,0,0,0,0,1
-1.6062125971048686,-0.3652375906185244,0.4561819638096454,-0.07373553915038115,0.40684148292572814,1.0730374548882362,1,1,0,0,0,0,0,0,1,0
-1.7068163915440675,-0.7781665761696533,0.4561819638096454,1.0019358555140019,0.40684148292572814,-0.25586785753265034,1,0,1,0,0,0,0,1,0,0
-0.6001746527128814,-0.01129846014612844,-0.20348641534366116,-0.07373553915038115,-1.0192601109340673,-0.9203205137430936,1,0,1,0,0,0,0,1,0,0
-1.3044012137872725,-1.7220042574293764,1.7755187221162583,0.4641001581818104,-1.0192601109340673,1.0730374548882362,0,0,1,0,0,0,0,1,0,0
1.4119012360710932,0.5786000906411984,-0.8631547944969676,-0.6115712364825727,-0.3062093140041697,-0.25586785753265034,1,1,0,0,0,0,1,0,0,0
-0.9019860360304776,-0.6601868660121878,1.1158503429629518,1.5397715528461935,0.40684148292572814,1.0730374548882362,1,0,1,0,0,1,0,0,0,0
0.1040519083615097,1.0505189312710599,-0.8631547944969676,-1.1494069338147643,-1.0192601109340673,-1.584773169953537,1,0,1,0,0,0,0,0,0,1
-0.19775947495608648,-0.3062477355397919,0.4561819638096454,-0.6115712364825727,0.40684148292572814,1.0730374548882362,0,1,0,0,0,0,0,0,1,0
-1.50560880266567,-0.01129846014612844,-0.8631547944969676,-0.6115712364825727,2.5459938737154215,0.40858479867779296,1,0,1,0,0,0,0,0,1,0
0.20465570280070844,-0.1882680253823264,0.4561819638096454,0.4641001581818104,-1.7323109078639651,1.0730374548882362,1,1,0,0,1,0,0,0,0,0
0.6070708805575034,-0.7191767210909208,1.7755187221162583,-1.1494069338147643,0.40684148292572814,0.40858479867779296,1,0,1,0,0,0,0,1,0,0
1.5125050305102918,2.6432450183968426,-2.182491552803581,-0.07373553915038115,-0.3062093140041697,-2.9136784823744235,1,1,0,0,0,0,0,1,0,0
0.6070708805575034,-0.5422071558547229,-0.20348641534366116,-0.07373553915038115,0.40684148292572814,-1.584773169953537,1,1,0,0,0,0,0,1,0,0
-0.7007784471520802,1.0505189312710599,-0.8631547944969676,-0.6115712364825727,-0.3062093140041697,-0.9203205137430936,1,0,1,0,0,0,0,0,1,0
-1.0025898304696763,-1.1910955617207823,1.7755187221162583,0.4641001581818104,-0.3062093140041697,1.0730374548882362,0,0,1,0,1,0,0,0,0,0
0.20465570280070844,0.4016305254050005,-1.5228231736502742,-1.1494069338147643,0.40684148292572814,-0.9203205137430936,1,0,1,0,0,1,0,0,0,0
0.7076746749967021,0.519610235562466,-0.8631547944969676,-1.1494069338147643,-0.3062093140041697,-0.9203205137430936,1,0,1,0,0,0,1,0,0,0
0.7076746749967021,-0.01129846014612844,-0.20348641534366116,-0.07373553915038115,-1.7323109078639651,0.40858479867779296,1,0,0,1,0,0,0,0,0,1
1.110089852753497,-0.6011970109334553,-0.20348641534366116,-1.687242631146956,-0.3062093140041697,0.40858479867779296,1,0,1,0,0,1,0,0,0,0
0.00344811392231097,-0.3062477355397919,-0.20348641534366116,-1.687242631146956,-1.7323109078639651,-0.25586785753265034,1,1,0,0,0,0,0,0,1,0
0.00344811392231097,-0.4242274456972574,-0.8631547944969676,0.4641001581818104,0.40684148292572814,0.40858479867779296,1,0,1,0,0,0,1,0,0,0
-1.6062125971048686,2.5252653082393777,-1.5228231736502742,1.0019358555140019,-1.7323109078639651,-1.584773169953537,1,1,0,0,0,0,1,0,0,0
-0.19775947495608648,-0.01129846014612844,0.4561819638096454,-0.6115712364825727,1.119892279855626,0.40858479867779296,1,1,0,0,0,0,1,0,0,0
1.5125050305102918,0.519610235562466,-1.5228231736502742,-0.6115712364825727,0.40684148292572814,-0.9203205137430936,1,1,0,0,0,0,0,1,0,0
-1.4050050082264713,1.8763769023733172,-0.20348641534366116,1.0019358555140019,0.40684148292572814,1.0730374548882362,1,1,0,0,0,0,0,0,0,1
1.5125050305102918,-0.9551361414058516,1.7755187221162583,-1.1494069338147643,-1.7323109078639651,1.0730374548882362,0,0,1,0,0,0,0,0,1,0
-0.39896706383448394,0.04769139493260404,-0.20348641534366116,-1.687242631146956,-0.3062093140041697,-0.25586785753265034,1,0,1,0,0,0,0,0,1,0
0.30525949723990714,-0.3062477355397919,1.1158503429629518,0.4641001581818104,1.119892279855626,1.0730374548882362,1,1,0,0,0,0,1,0,0,0
0.20465570280070844,-0.12927817030359393,-0.20348641534366116,-0.07373553915038115,-0.3062093140041697,0.40858479867779296,1,1,0,0,0,0,0,0,1,0
-1.0025898304696763,-0.1882680253823264,0.4561819638096454,1.0019358555140019,-1.0192601109340673,0.40858479867779296,1,0,0,1,0,0,0,0,0,1
-1.103193624908875,-0.7781665761696533,-0.20348641534366116,-1.687242631146956,-0.3062093140041697,-0.25586785753265034,1,0,1,0,0,0,0,0,0,1
-1.50560880266567,0.22466096016880252,1.1158503429629518,-1.687242631146956,-0.3062093140041697,-0.25586785753265034,1,1,0,0,1,0,0,0,0,0
-0.09715568051688776,-1.1321057066420495,0.4561819638096454,-0.07373553915038115,-1.0192601109340673,1.0730374548882362,0,1,0,0,1,0,0,0,0,0
1.5125050305102918,1.0505189312710599,-0.8631547944969676,0.4641001581818104,1.119892279855626,-2.2492258261639804,1,0,1,0,0,1,0,0,0,0
-0.6001746527128814,0.637589945719931,-0.8631547944969676,1.0019358555140019,-0.3062093140041697,-0.9203205137430936,1,0,1,0,0,0,0,0,0,1
0.4058632916791059,-0.5422071558547229,1.7755187221162583,-0.07373553915038115,-0.3062093140041697,-0.25586785753265034,1,1,0,0,0,0,0,0,0,1
0.4058632916791059,-0.48321730077598984,1.7755187221162583,-0.07373553915038115,-1.0192601109340673,1.0730374548882362,1,1,0,0,0,0,0,0,0,1
1.2106936471926957,0.283650815247535,1.1158503429629518,-0.6115712364825727,0.40684148292572814,0.40858479867779296,1,1,0,0,1,0,0,0,0,0
-1.0025898304696763,-0.8371564312483863,1.1158503429629518,1.5397715528461935,0.40684148292572814,1.0730374548882362,0,0,1,0,0,0,1,0,0,0
0.9088822638750995,1.9353667574520508,-1.5228231736502742,-1.1494069338147643,-1.0192601109340673,-1.584773169953537,1,1,0,0,0,0,1,0,0,0
0.9088822638750995,0.3426406703262675,0.4561819638096454,0.4641001581818104,-1.7323109078639651,-0.25586785753265034,1,0,1,0,0,0,0,0,1,0
1.6131088249494907,0.4016305254050005,-0.20348641534366116,-1.1494069338147643,0.40684148292572814,-0.25586785753265034,1,0,1,0,0,0,1,0,0,0
0.30525949723990714,0.696579800798664,0.4561819638096454,0.4641001581818104,-0.3062093140041697,-0.25586785753265034,1,0,1,0,0,0,0,1,0,0
1.2106936471926957,-0.6011970109334553,1.1158503429629518,-1.1494069338147643,0.40684148292572814,1.0730374548882362,1,1,0,0,1,0,0,0,0,0
1.5125050305102918,1.1684986414285254,-1.5228231736502742,0.4641001581818104,1.8329430767855237,-2.2492258261639804,1,1,0,0,0,0,0,0,0,1
1.0094860583142982,0.10668125001133705,0.4561819638096454,-0.07373553915038115,-0.3062093140041697,0.40858479867779296,1,1,0,0,0,0,1,0,0,0
1.5125050305102918,0.9915290761923274,-0.20348641534366116,1.5397715528461935,-0.3062093140041697,0.40858479867779296,1,0,1,0,1,0,0,0,0,0
-1.3044012137872725,-0.24725788046105943,-1.5228231736502742,-0.6115712364825727,-1.0192601109340673,0.40858479867779296,0,1,0,0,0,0,1,0,0,0
0.1040519083615097,1.4044580617434563,-0.20348641534366116,0.4641001581818104,-0.3062093140041697,-0.9203205137430936,1,0,1,0,0,1,0,0,0,0
-1.4050050082264713,0.4016305254050005,-0.8631547944969676,-1.1494069338147643,0.40684148292572814,-0.25586785753265034,1,1,0,0,0,0,0,0,0,1
-0.09715568051688776,2.2893058879244466,-2.182491552803581,-0.6115712364825727,0.40684148292572814,-2.2492258261639804,1,0,1,0,0,1,0,0,0,0
1.0094860583142982,-0.4242274456972574,-0.20348641534366116,-0.07373553915038115,1.8329430767855237,1.0730374548882362,0,0,1,0,0,0,0,0,0,1
1.2106936471926957,0.22466096016880252,-0.20348641534366116,-1.687242631146956,0.40684148292572814,-0.9203205137430936,1,0,1,0,1,0,0,0,0,0
1.110089852753497,-1.1321057066420495,1.1158503429629518,-1.687242631146956,-0.3062093140041697,1.0730374548882362,0,0,1,0,0,0,0,0,1,0
-1.2037974193480738,-0.6011970109334553,-0.20348641534366116,0.4641001581818104,-1.0192601109340673,0.40858479867779296,1,1,0,0,0,0,1,0,0,0
0.6070708805575034,0.637589945719931,-0.20348641534366116,-0.07373553915038115,0.40684148292572814,-0.9203205137430936,1,1,0,0,0,0,1,0,0,0
1.110089852753497,1.1684986414285254,-0.20348641534366116,-0.6115712364825727,-1.0192601109340673,-1.584773169953537,1,0,1,0,0,0,0,1,0,0
1.5125050305102918,-0.12927817030359393,-0.8631547944969676,-0.6115712364825727,0.40684148292572814,-0.25586785753265034,0,0,1,0,0,0,1,0,0,0
0.30525949723990714,-1.0141259964845843,0.4561819638096454,-0.07373553915038115,-0.3062093140041697,0.40858479867779296,0,1,0,0,1,0,0,0,0,0
1.4119012360710932,0.8145595109561294,-0.20348641534366116,0.4641001581818104,-0.3062093140041697,-0.25586785753265034,1,1,0,0,0,0,0,0,1,0
0.5064670861183046,-1.1910955617207823,1.7755187221162583,-1.687242631146956,-1.7323109078639651,1.0730374548882362,0,1,0,0,1,0,0,0,0,0
1.5125050305102918,0.5786000906411984,-0.8631547944969676,1.5397715528461935,1.119892279855626,-0.25586785753265034,1,0,1,0,0,1,0,0,0,0
-1.50560880266567,-0.5422071558547229,1.1158503429629518,1.5397715528461935,0.40684148292572814,0.40858479867779296,1,1,0,0,0,0,0,1,0,0
0.00344811392231097,0.22466096016880252,-1.5228231736502742,-1.687242631146956,0.40684148292572814,-2.2492258261639804,1,1,0,0,0,0,1,0,0,0
0.7076746749967021,1.1684986414285254,-1.5228231736502742,1.0019358555140019,-1.7323109078639651,-0.9203205137430936,1,0,1,0,1,0,0,0,0,0
1.3112974416318945,-0.12927817030359393,0.4561819638096454,1.0019358555140019,1.8329430767855237,0.40858479867779296,1,0,1,0,0,0,0,0,0,1
-1.50560880266567,0.9915290761923274,-1.5228231736502742,-0.07373553915038115,-0.3062093140041697,-1.584773169953537,1,1,0,0,0,0,0,0,1,0
0.6070708805575034,0.9325392211135944,-1.5228231736502742,-1.687242631146956,-0.3062093140041697,-0.9203205137430936,1,1,0,0,1,0,0,0,0,0
1.4119012360710932,-2.01695353282304,1.1158503429629518,1.0019358555140019,-1.0192601109340673,1.0730374548882362,0,1,0,0,0,0,0,0,1,0
0.4058632916791059,-0.9551361414058516,1.1158503429629518,-0.07373553915038115,-1.7323109078639651,1.0730374548882362,1,1,0,0,0,0,1,0,0,0
0.5064670861183046,-1.6630144023506437,-0.20348641534366116,0.4641001581818104,1.119892279855626,1.0730374548882362,0,1,0,0,0,0,0,0,0,1
-1.6062125971048686,2.112336322688248,-1.5228231736502742,2.077607250178385,1.119892279855626,-2.9136784823744235,1,0,1,0,0,0,0,1,0,0
0.9088822638750995,-0.12927817030359393,0.4561819638096454,0.4641001581818104,-0.3062093140041697,-0.25586785753265034,1,0,1,0,0,0,0,1,0,0
-1.6062125971048686,1.8763769023733172,-1.5228231736502742,-1.1494069338147643,-1.0192601109340673,-0.9203205137430936,1,0,1,0,0,0,0,0,0,1
0.8082784694359008,-1.7220042574293764,1.1158503429629518,-0.6115712364825727,-0.3062093140041697,1.0730374548882362,0,1,0,0,0,0,0,0,1,0
-0.09715568051688776,-0.6011970109334553,0.4561819638096454,-1.1494069338147643,-0.3062093140041697,-0.25586785753265034,1,0,1,0,0,0,1,0,0,0
1.5125050305102918,0.8145595109561294,-0.8631547944969676,0.4641001581818104,-1.0192601109340673,-1.584773169953537,1,1,0,0,1,0,0,0,0,0
-0.9019860360304776,0.16567110509006952,1.1158503429629518,-1.1494069338147643,-0.3062093140041697,1.0730374548882362,1,1,0,0,0,0,0,0,0,1
1.110089852753497,0.5786000906411984,-0.8631547944969676,-0.6115712364825727,0.40684148292572814,-0.25586785753265034,1,1,0,0,0,1,0,0,0,0
0.8082784694359008,-1.3680651269569801,1.1158503429629518,-1.687242631146956,1.119892279855626,1.0730374548882362,1,0,1,0,0,0,0,0,1,0
0.7076746749967021,1.4634479168221888,-0.8631547944969676,-0.07373553915038115,0.40684148292572814,-1.584773169953537,1,1,0,0,0,0,0,1,0,0
0.6070708805575034,0.8145595109561294,-0.8631547944969676,-0.07373553915038115,-1.7323109078639651,0.40858479867779296,1,0,1,0,0,0,0,0,0,1
-0.4995708582736827,0.4016305254050005,-2.182491552803581,-1.687242631146956,0.40684148292572814,-2.2492258261639804,1,1,0,0,0,0,0,1,0,0
-1.103193624908875,-0.7191767210909208,0.4561819638096454,0.4641001581818104,-0.3062093140041697,1.0730374548882362,0,0,1,0,0,0,0,0,1,0
0.20465570280070844,0.3426406703262675,0.4561819638096454,-0.07373553915038115,1.8329430767855237,0.40858479867779296,1,0,1,0,0,0,0,1,0,0
-1.7068163915440675,-0.3062477355397919,0.4561819638096454,-1.1494069338147643,1.8329430767855237,1.0730374548882362,1,1,0,0,0,0,0,0,0,1
-1.0025898304696763,-1.7809941125081092,1.7755187221162583,2.077607250178385,1.8329430767855237,1.0730374548882362,0,0,1,0,0,0,0,0,1,0
-0.19775947495608648,-0.07028831522486093,-0.8631547944969676,1.0019358555140019,-0.3062093140041697,-0.9203205137430936,1,0,1,0,0,1,0,0,0,0
-0.39896706383448394,-0.1882680253823264,0.4561819638096454,-1.1494069338147643,1.8329430767855237,1.0730374548882362,1,1,0,0,0,0,0,0,0,1
-0.6001746527128814,1.109508786349793,-1.5228231736502742,1.0019358555140019,0.40684148292572814,-2.2492258261639804,1,1,0,0,1,0,0,0,0,0
0.5064670861183046,-2.370892663295436,1.7755187221162583,1.0019358555140019,1.8329430767855237,1.0730374548882362,0,1,0,0,0,0,1,0,0,0
-0.29836326939528524,0.22466096016880252,-0.20348641534366116,-0.07373553915038115,-0.3062093140041697,-0.9203205137430936,1,1,0,0,0,0,0,0,0,1
1.0094860583142982,-1.250085416799515,0.4561819638096454,0.4641001581818104,-0.3062093140041697,1.0730374548882362,1,1,0,0,0,0,0,0,1,0
1.6131088249494907,0.3426406703262675,-0.8631547944969676,0.4641001581818104,0.40684148292572814,0.40858479867779296,1,0,1,0,0,0,1,0,0,0
-1.6062125971048686,0.4016305254050005,-0.20348641534366116,-1.687242631146956,0.40684148292572814,-0.9203205137430936,1,0,1,0,0,0,0,0,0,1
1.4119012360710932,-0.12927817030359393,-0.20348641534366116,-0.07373553915038115,1.119892279855626,0.40858479867779296,1,0,1,0,0,1,0,0,0,0
0.5064670861183046,0.8735493660348619,-1.5228231736502742,-0.07373553915038115,-0.3062093140041697,-1.584773169953537,1,1,0,0,0,1,0,0,0,0
0.4058632916791059,-1.3090752718782477,0.4561819638096454,1.5397715528461935,1.119892279855626,0.40858479867779296,0,1,0,0,1,0,0,0,0,0
0.7076746749967021,1.1684986414285254,-0.8631547944969676,0.4641001581818104,1.119892279855626,0.40858479867779296,1,0,1,0,0,0,0,1,0,0
0.4058632916791059,-0.7781665761696533,1.7755187221162583,-0.6115712364825727,-0.3062093140041697,-0.25586785753265034,1,0,1,0,0,0,1,0,0,0
0.4058632916791059,-1.6630144023506437,1.1158503429629518,-0.07373553915038115,0.40684148292572814,1.0730374548882362,0,0,0,1,0,0,0,0,1,0
-1.2037974193480738,-0.3062477355397919,0.4561819638096454,1.0019358555140019,-0.3062093140041697,1.0730374548882362,1,0,1,0,0,0,0,0,1,0
-0.29836326939528524,-2.2529129531379706,1.7755187221162583,-0.07373553915038115,2.5459938737154215,1.0730374548882362,0,1,0,0,0,0,0,1,0,0
1.5125050305102918,0.283650815247535,-0.8631547944969676,-0.6115712364825727,-1.7323109078639651,-0.9203205137430936,1,1,0,0,0,1,0,0,0,0
-1.0025898304696763,-0.3062477355397919,-0.8631547944969676,-0.6115712364825727,1.119892279855626,-0.25586785753265034,1,1,0,0,0,1,0,0,0,0
-1.3044012137872725,1.2864783515859908,-1.5228231736502742,1.0019358555140019,-1.7323109078639651,-2.2492258261639804,1,0,1,0,0,0,0,0,0,1
-1.4050050082264713,0.696579800798664,-0.20348641534366116,0.4641001581818104,-0.3062093140041697,0.40858479867779296,0,1,0,0,1,0,0,0,0,0
-1.2037974193480738,-1.4860448371144457,1.1158503429629518,-0.07373553915038115,-0.3062093140041697,1.0730374548882362,0,1,0,0,0,0,1,0,0,0
1.4119012360710932,-0.8961462863271188,1.1158503429629518,-0.07373553915038115,1.8329430767855237,1.0730374548882362,0,1,0,0,1,0,0,0,0,0
1.2106936471926957,0.519610235562466,-0.20348641534366116,-0.6115712364825727,-1.0192601109340673,-0.9203205137430936,1,1,0,0,1,0,0,0,0,0
-0.19775947495608648,0.8735493660348619,-0.8631547944969676,-0.07373553915038115,1.119892279855626,-0.25586785753265034,1,1,0,0,0,0,0,0,0,1
-0.4995708582736827,1.2864783515859908,-1.5228231736502742,-0.6115712364825727,-1.0192601109340673,-0.9203205137430936,1,1,0,0,1,0,0,0,0,0
1.2106936471926957,1.2864783515859908,-0.20348641534366116,-0.6115712364825727,1.8329430767855237,-1.584773169953537,1,0,1,0,0,0,0,1,0,0
0.1040519083615097,-0.12927817030359393,-0.20348641534366116,1.5397715528461935,-0.3062093140041697,1.0730374548882362,1,1,0,0,0,0,0,0,0,1
-0.09715568051688776,0.4016305254050005,-0.8631547944969676,-1.1494069338147643,0.40684148292572814,-0.9203205137430936,1,1,0,0,0,0,0,1,0,0
0.1040519083615097,1.3454682066647234,-0.8631547944969676,-0.6115712364825727,-0.3062093140041697,-1.584773169953537,1,0,1,0,0,0,0,0,0,1
1.0094860583142982,-0.3062477355397919,-0.8631547944969676,-1.687242631146956,1.119892279855626,-0.25586785753265034,1,1,0,0,1,0,0,0,0,0
0.8082784694359008,0.4016305254050005,1.1158503429629518,-1.687242631146956,1.119892279855626,-0.9203205137430936,1,1,0,0,0,0,0,1,0,0
0.8082784694359008,-0.3652375906185244,0.4561819638096454,-0.07373553915038115,0.40684148292572814,0.40858479867779296,1,1,0,0,0,0,0,1,0,0
0.5064670861183046,-0.6011970109334553,0.4561819638096454,-0.6115712364825727,-1.0192601109340673,0.40858479867779296,1,0,1,0,0,0,0,1,0,0
-0.9019860360304776,0.04769139493260404,-0.8631547944969676,2.077607250178385,-1.0192601109340673,-0.9203205137430936,1,0,1,0,0,0,0,0,0,1
-0.6001746527128814,-0.7191767210909208,0.4561819638096454,-0.6115712364825727,-1.0192601109340673,-0.25586785753265034,1,0,0,1,0,0,0,0,1,0
-1.7068163915440675,-0.12927817030359393,-0.20348641534366116,1.5397715528461935,-1.7323109078639651,0.40858479867779296,1,1,0,0,1,0,0,0,0,0
-1.7068163915440675,-1.1321057066420495,0.4561819638096454,1.0019358555140019,1.119892279855626,1.0730374548882362,0,0,1,0,0,0,0,1,0,0
1.6131088249494907,-0.1882680253823264,0.4561819638096454,-0.07373553915038115,-0.3062093140041697,-0.25586785753265034,1,1,0,0,0,0,1,0,0,0
1.4119012360710932,0.460620380483733,-0.8631547944969676,2.077607250178385,-0.3062093140041697,-0.25586785753265034,1,1,0,0,0,0,0,0,1,0
0.7076746749967021,-0.6601868660121878,1.1158503429629518,0.4641001581818104,1.8329430767855237,-0.25586785753265034,1,1,0,0,0,0,1,0,0,0
-1.7068163915440675,-0.01129846014612844,1.7755187221162583,1.5397715528461935,-0.3062093140041697,1.0730374548882362,0,1,0,0,1,0,0,0,0,0
-0.19775947495608648,0.16567110509006952,-0.20348641534366116,1.5397715528461935,-1.0192601109340673,-0.9203205137430936,1,0,1,0,1,0,0,0,0,0
-1.3044012137872725,0.460620380483733,-0.20348641534366116,0.4641001581818104,-0.3062093140041697,-0.25586785753265034,1,0,1,0,0,0,0,1,0,0
0.4058632916791059,-0.12927817030359393,0.4561819638096454,1.0019358555140019,-1.0192601109340673,-0.25586785753265034,1,0,1,0,0,0,0,1,0,0
1.110089852753497,1.1684986414285254,0.4561819638096454,0.4641001581818104,0.40684148292572814,0.40858479867779296,1,1,0,0,0,0,0,0,0,1
-1.50560880266567,-2.2529129531379706,1.7755187221162583,-1.1494069338147643,-0.3062093140041697,1.0730374548882362,0,0,1,0,0,0,0,0,1,0
0.8082784694359008,-0.9551361414058516,-0.20348641534366116,1.0019358555140019,-0.3062093140041697,0.40858479867779296,0,0,1,0,0,0,0,1,0,0
-0.19775947495608648,0.4016305254050005,-0.20348641534366116,1.5397715528461935,-0.3062093140041697,-0.25586785753265034,1,1,0,0,1,0,0,0,0,0
0.4058632916791059,-1.0141259964845843,0.4561819638096454,-0.6115712364825727,0.40684148292572814,1.0730374548882362,0,1,0,0,0,0,0,1,0,0
1.110089852753497,0.696579800798664,1.1158503429629518,0.4641001581818104,-0.3062093140041697,1.0730374548882362,1,0,1,0,1,0,0,0,0,0
-0.39896706383448394,0.283650815247535,1.1158503429629518,-0.07373553915038115,-0.3062093140041697,-0.9203205137430936,1,0,1,0,1,0,0,0,0,0
1.0094860583142982,-0.7191767210909208,-0.20348641534366116,-0.07373553915038115,-0.3062093140041697,1.0730374548882362,0,1,0,0,0,0,0,1,0,0
-1.3044012137872725,1.109508786349793,-1.5228231736502742,0.4641001581818104,-0.3062093140041697,-1.584773169953537,1,0,1,0,0,1,0,0,0,0
1.2106936471926957,-0.1882680253823264,0.4561819638096454,-0.07373553915038115,0.40684148292572814,1.0730374548882362,0,0,1,0,0,0,0,0,1,0
-1.3044012137872725,0.5786000906411984,0.4561819638096454,0.4641001581818104,-1.0192601109340673,-0.9203205137430936,1,0,1,0,0,0,1,0,0,0
-0.6001746527128814,-1.0141259964845843,1.1158503429629518,1.5397715528461935,1.119892279855626,1.0730374548882362,1,0,1,0,1,0,0,0,0,0
-0.19775947495608648,-0.07028831522486093,-0.20348641534366116,1.0019358555140019,0.40684148292572814,-0.25586785753265034,1,0,1,0,1,0,0,0,0,0
0.8082784694359008,2.112336322688248,-1.5228231736502742,0.4641001581818104,-0.3062093140041697,-0.9203205137430936,1,1,0,0,0,1,0,0,0,0
0.8082784694359008,0.9915290761923274,-0.8631547944969676,2.077607250178385,0.40684148292572814,-0.9203205137430936,1,0,1,0,0,0,1,0,0,0
0.30525949723990714,0.3426406703262675,0.4561819638096454,1.0019358555140019,-0.3062093140041697,0.40858479867779296,1,1,0,0,0,0,0,0,0,1
1.5125050305102918,-0.48321730077598984,-0.20348641534366116,-0.07373553915038115,-1.7323109078639651,-0.25586785753265034,1,0,1,0,0,1,0,0,0,0
1.2106936471926957,0.04769139493260404,-0.20348641534366116,-1.1494069338147643,0.40684148292572814,-0.9203205137430936,1,1,0,0,0,0,1,0,0,0
0.5064670861183046,0.22466096016880252,0.4561819638096454,-1.1494069338147643,-1.0192601109340673,-0.25586785753265034,1,1,0,0,0,1,0,0,0,0
-0.8013822415912789,0.460620380483733,-0.8631547944969676,1.0019358555140019,1.119892279855626,-0.25586785753265034,1,0,1,0,1,0,0,0,0,0
-1.3044012137872725,-1.1321057066420495,-0.20348641534366116,-0.6115712364825727,-0.3062093140041697,1.0730374548882362,0,1,0,0,0,0,0,0,1,0
1.6131088249494907,0.696579800798664,-0.20348641534366116,-1.1494069338147643,1.119892279855626,-0.25586785753265034,1,0,1,0,0,1,0,0,0,0
1.3112974416318945,-1.1910955617207823,0.4561819638096454,-1.1494069338147643,-0.3062093140041697,1.0730374548882362,1,0,0,1,0,0,0,0,0,1
-0.8013822415912789,1.6994073371371199,-0.8631547944969676,-0.6115712364825727,0.40684148292572814,-0.25586785753265034,1,0,1,0,0,0,0,1,0,0
0.1040519083615097,-0.8371564312483863,1.1158503429629518,1.0019358555140019,1.119892279855626,1.0730374548882362,0,0,1,0,0,0,1,0,0,0
1.4119012360710932,0.283650815247535,-0.20348641534366116,-0.07373553915038115,-0.3062093140041697,-0.25586785753265034,1,0,1,0,0,1,0,0,0,0
-1.7068163915440675,1.0505189312710599,-0.8631547944969676,-1.687242631146956,-0.3062093140041697,-0.25586785753265034,1,0,0,1,0,1,0,0,0,0
-1.3044012137872725,-0.3062477355397919,-0.20348641534366116,-0.07373553915038115,0.40684148292572814,0.40858479867779296,0,1,0,0,0,0,0,0,0,1
-1.4050050082264713,0.3426406703262675,-0.20348641534366116,-0.07373553915038115,0.40684148292572814,0.40858479867779296,1,1,0,0,0,0,0,0,1,0
-0.19775947495608648,1.5224377719009212,-0.8631547944969676,-0.6115712364825727,-0.3062093140041697,-1.584773169953537,1,0,1,0,0,1,0,0,0,0
0.6070708805575034,0.5786000906411984,-0.8631547944969676,1.0019358555140019,-1.7323109078639651,1.0730374548882362,0,1,0,0,0,1,0,0,0,0
-0.19775947495608648,0.3426406703262675,-0.20348641534366116,-0.6115712364825727,-0.3062093140041697,-0.25586785753265034,1,0,1,0,0,0,0,0,1,0
-1.6062125971048686,-1.7809941125081092,1.7755187221162583,1.0019358555140019,1.119892279855626,1.0730374548882362,0,1,0,0,0,0,0,0,0,1
1.0094860583142982,-1.0141259964845843,1.1158503429629518,0.4641001581818104,-1.0192601109340673,1.0730374548882362,0,0,1,0,0,0,1,0,0,0
1.4119012360710932,1.109508786349793,-0.20348641534366116,1.0019358555140019,-0.3062093140041697,-0.9203205137430936,1,0,1,0,0,0,1,0,0,0
0.9088822638750995,0.5786000906411984,-0.8631547944969676,-1.1494069338147643,-0.3062093140041697,-0.25586785753265034,1,0,1,0,0,1,0,0,0,0
0.20465570280070844,0.7555696558773964,-1.5228231736502742,-0.07373553915038115,-1.7323109078639651,-0.9203205137430936,1,1,0,0,0,0,0,0,1,0
0.6070708805575034,0.637589945719931,-0.20348641534366116,-0.07373553915038115,-1.0192601109340673,-0.9203205137430936,1,1,0,0,0,1,0,0,0,0
-0.6001746527128814,1.3454682066647234,-0.8631547944969676,-1.687242631146956,1.119892279855626,-1.584773169953537,1,0,1,0,0,0,0,1,0,0
1.5125050305102918,-0.3062477355397919,1.1158503429629518,1.0019358555140019,-1.7323109078639651,1.0730374548882362,1,1,0,0,0,0,1,0,0,0
1.5125050305102918,0.10668125001133705,0.4561819638096454,-1.1494069338147643,0.40684148292572814,0.40858479867779296,1,0,1,0,1,0,0,0,0,0
-0.6001746527128814,-1.1321057066420495,1.1158503429629518,-0.6115712364825727,-1.0192601109340673,1.0730374548882362,0,1,0,0,0,0,0,1,0,0
-1.50560880266567,-1.3680651269569801,1.7755187221162583,-1.1494069338147643,0.40684148292572814,1.0730374548882362,0,0,1,0,0,1,0,0,0,0
-1.7068163915440675,-1.7809941125081092,1.1158503429629518,0.4641001581818104,1.119892279855626,1.0730374548882362,0,0,1,0,0,0,0,0,0,1
1.5125050305102918,-0.9551361414058516,-0.20348641534366116,-1.687242631146956,-0.3062093140041697,1.0730374548882362,0,1,0,0,0,0,1,0,0,0
-0.8013822415912789,1.6404174820583872,-0.8631547944969676,0.4641001581818104,-0.3062093140041697,-0.9203205137430936,1,0,1,0,1,0,0,0,0,0
1.110089852753497,-1.6630144023506437,1.7755187221162583,1.0019358555140019,-1.0192601109340673,1.0730374548882362,0,0,1,0,0,0,0,1,0,0
-0.4995708582736827,-0.3062477355397919,0.4561819638096454,0.4641001581818104,-1.7323109078639651,0.40858479867779296,0,1,0,0,0,0,1,0,0,0
-0.6001746527128814,-1.3680651269569801,1.7755187221162583,0.4641001581818104,1.8329430767855237,1.0730374548882362,1,0,0,1,0,0,0,0,1,0
1.3112974416318945,-0.6601868660121878,0.4561819638096454,1.0019358555140019,-1.0192601109340673,-0.25586785753265034,1,0,1,0,0,0,0,0,0,1
-1.6062125971048686,0.16567110509006952,-0.20348641534366116,-1.1494069338147643,1.8329430767855237,0.40858479867779296,1,0,1,0,0,0,0,1,0,0
0.5064670861183046,-0.7781665761696533,1.1158503429629518,1.5397715528461935,-1.0192601109340673,1.0730374548882362,0,1,0,0,0,0,0,0,1,0
-0.09715568051688776,1.1684986414285254,-1.5228231736502742,-0.6115712364825727,0.40684148292572814,-1.584773169953537,1,0,1,0,0,1,0,0,0,0
0.8082784694359008,1.6404174820583872,-1.5228231736502742,-0.07373553915038115,-1.0192601109340673,-1.584773169953537,1,0,1,0,0,0,0,0,1,0
-1.0025898304696763,-2.370892663295436,1.7755187221162583,-0.6115712364825727,0.40684148292572814,1.0730374548882362,0,0,1,0,0,0,0,1,0,0
1.110089852753497,-0.7191767210909208,1.1158503429629518,0.4641001581818104,-0.3062093140041697,1.0730374548882362,1,1,0,0,0,0,0,1,0,0
0.8082784694359008,0.04769139493260404,-0.20348641534366116,-0.6115712364825727,-0.3062093140041697,0.40858479867779296,1,1,0,0,0,1,0,0,0,0
-0.8013822415912789,1.1684986414285254,-1.5228231736502742,-0.07373553915038115,0.40684148292572814,-0.9203205137430936,1,0,1,0,0,0,0,0,1,0
0.8082784694359008,-0.48321730077598984,-0.20348641534366116,-1.1494069338147643,-0.3062093140041697,0.40858479867779296,1,0,1,0,0,0,0,0,1,0
1.6131088249494907,-0.01129846014612844,0.4561819638096454,1.0019358555140019,-1.7323109078639651,1.0730374548882362,0,0,1,0,0,1,0,0,0,0
-1.103193624908875,-1.250085416799515,1.1158503429629518,0.4641001581818104,1.119892279855626,1.0730374548882362,1,1,0,0,0,0,0,0,1,0
-1.4050050082264713,-1.6630144023506437,1.1158503429629518,-0.6115712364825727,-1.0192601109340673,0.40858479867779296,0,0,1,0,0,0,1,0,0,0
-0.7007784471520802,1.5224377719009212,-0.8631547944969676,-0.6115712364825727,0.40684148292572814,-0.9203205137430936,1,0,1,0,0,1,0,0,0,0
1.110089852753497,-1.9579636777443072,1.7755187221162583,0.4641001581818104,1.119892279855626,1.0730374548882362,0,1,0,0,0,0,0,0,0,1
0.7076746749967021,2.466275453160644,-1.5228231736502742,-0.6115712364825727,-0.3062093140041697,-1.584773169953537,1,0,1,0,0,0,0,1,0,0
0.30525949723990714,0.7555696558773964,-0.8631547944969676,-0.07373553915038115,1.119892279855626,-0.25586785753265034,1,1,0,0,0,0,0,0,0,1
-0.8013822415912789,0.696579800798664,0.4561819638096454,1.0019358555140019,0.40684148292572814,-0.25586785753265034,1,0,1,0,0,0,1,0,0,0
-0.9019860360304776,0.5786000906411984,0.4561819638096454,-1.1494069338147643,-1.0192601109340673,-0.9203205137430936,1,0,1,0,0,0,1,0,0,0
0.6070708805575034,-0.3062477355397919,-0.8631547944969676,0.4641001581818104,1.8329430767855237,-0.25586785753265034,1,0,1,0,1,0,0,0,0,0
0.00344811392231097,0.4016305254050005,-0.20348641534366116,0.4641001581818104,-1.0192601109340673,0.40858479867779296,1,1,0,0,1,0,0,0,0,0
1.4119012360710932,-0.1882680253823264,0.4561819638096454,-0.07373553915038115,-0.3062093140041697,0.40858479867779296,1,1,0,0,1,0,0,0,0,0
0.6070708805575034,0.5786000906411984,-0.8631547944969676,-0.6115712364825727,-0.3062093140041697,-0.25586785753265034,1,1,0,0,0,1,0,0,0,0
0.5064670861183046,-0.07028831522486093,1.1158503429629518,1.0019358555140019,0.40684148292572814,-0.25586785753265034,1,0,1,0,0,0,0,0,1,0
1.4119012360710932,-1.0141259964845843,1.1158503429629518,-0.6115712364825727,1.119892279855626,1.0730374548882362,0,1,0,0,0,0,1,0,0,0
-0.6001746527128814,-0.9551361414058516,0.4561819638096454,-1.687242631146956,1.119892279855626,1.0730374548882362,0,0,1,0,0,0,0,0,0,1
-0.4995708582736827,-1.0731158515633168,1.1158503429629518,0.4641001581818104,0.40684148292572814,1.0730374548882362,0,0,1,0,0,0,0,0,0,1
0.5064670861183046,0.9915290761923274,-0.8631547944969676,-1.1494069338147643,-0.3062093140041697,0.40858479867779296,1,1,0,0,0,0,0,0,0,1
0.7076746749967021,-0.6601868660121878,0.4561819638096454,0.4641001581818104,-1.7323109078639651,1.0730374548882362,0,0,1,0,0,0,0,0,0,1
1.2106936471926957,-2.01695353282304,2.4351871012695647,1.5397715528461935,-1.0192601109340673,1.0730374548882362,0,0,1,0,1,0,0,0,0,0
-0.09715568051688776,0.4016305254050005,-0.20348641534366116,0.4641001581818104,1.8329430767855237,-0.9203205137430936,1,0,1,0,0,0,0,0,0,1
0.20465570280070844,1.5814276269796539,-1.5228231736502742,1.0019358555140019,-1.7323109078639651,-1.584773169953537,1,0,1,0,0,0,0,0,1,0
0.7076746749967021,0.8145595109561294,-2.182491552803581,2.077607250178385,-1.0192601109340673,-1.584773169953537,1,0,1,0,1,0,0,0,0,0
0.4058632916791059,-0.6601868660121878,0.4561819638096454,1.0019358555140019,1.119892279855626,1.0730374548882362,1,1,0,0,0,0,0,0,0,1
-0.4995708582736827,-1.7220042574293764,2.4351871012695647,0.4641001581818104,0.40684148292572814,1.0730374548882362,0,0,1,0,0,1,0,0,0,0
0.1040519083615097,-0.12927817030359393,-0.20348641534366116,1.5397715528461935,1.119892279855626,-0.25586785753265034,1,1,0,0,0,0,0,1,0,0
-0.6001746527128814,-0.1882680253823264,-1.5228231736502742,2.077607250178385,0.40684148292572814,0.40858479867779296,1,1,0,0,0,0,0,1,0,0
0.1040519083615097,-1.0141259964845843,0.4561819638096454,2.077607250178385,1.8329430767855237,1.0730374548882362,1,0,1,0,0,0,0,1,0,0
-0.6001746527128814,0.5786000906411984,0.4561819638096454,-0.6115712364825727,0.40684148292572814,1.0730374548882362,1,0,1,0,1,0,0,0,0,0
-0.9019860360304776,1.9353667574520508,-0.8631547944969676,-1.687242631146956,0.40684148292572814,-1.584773169953537,1,0,1,0,0,0,0,0,0,1
-1.103193624908875,0.22466096016880252,-0.8631547944969676,-0.6115712364825727,-1.0192601109340673,0.40858479867779296,1,1,0,0,0,0,1,0,0,0
1.0094860583142982,0.16567110509006952,-0.20348641534366116,0.4641001581818104,0.40684148292572814,0.40858479867779296,1,0,1,0,0,0,1,0,0,0
-0.39896706383448394,-1.0141259964845843,0.4561819638096454,-0.07373553915038115,-0.3062093140041697,-0.25586785753265034,1,1,0,0,0,0,1,0,0,0
1.3112974416318945,1.4634479168221888,-1.5228231736502742,-0.07373553915038115,-0.3062093140041697,0.40858479867779296,1,0,1,0,1,0,0,0,0,0
0.1040519083615097,-0.07028831522486093,-1.5228231736502742,0.4641001581818104,1.119892279855626,1.0730374548882362,0,1,0,0,0,0,0,0,1,0
-0.19775947495608648,-0.6011970109334553,1.1158503429629518,-1.687242631146956,1.119892279855626,1.0730374548882362,0,0,1,0,0,1,0,0,0,0
-1.3044012137872725,0.04769139493260404,1.1158503429629518,-0.07373553915038115,1.8329430767855237,-0.25586785753265034,1,0,1,0,0,1,0,0,0,0
-0.6001746527128814,0.460620380483733,-1.5228231736502742,1.0019358555140019,1.8329430767855237,-1.584773169953537,1,0,0,1,0,0,0,1,0,0
0.7076746749967021,0.16567110509006952,0.4561819638096454,0.4641001581818104,1.119892279855626,-0.25586785753265034,1,1,0,0,0,0,0,1,0,0
0.30525949723990714,1.2864783515859908,-0.8631547944969676,0.4641001581818104,-1.7323109078639651,-0.25586785753265034,1,0,1,0,0,0,1,0,0,0
0.5064670861183046,0.4016305254050005,0.4561819638096454,1.5397715528461935,1.8329430767855237,1.0730374548882362,1,1,0,0,0,0,1,0,0,0
-0.19775947495608648,-0.3062477355397919,0.4561819638096454,-0.07373553915038115,1.119892279855626,1.0730374548882362,1,1,0,0,0,0,0,1,0,0
-0.39896706383448394,0.4016305254050005,-0.20348641534366116,-0.6115712364825727,-1.0192601109340673,-0.25586785753265034,1,1,0,0,0,0,0,0,0,1
1.3112974416318945,0.519610235562466,-0.20348641534366116,1.0019358555140019,1.119892279855626,-0.25586785753265034,1,1,0,0,0,0,0,0,1,0
-1.3044012137872725,-1.3680651269569801,0.4561819638096454,1.0019358555140019,-1.0192601109340673,0.40858479867779296,0,0,1,0,0,0,0,0,1,0
0.5064670861183046,1.2274884965072579,-0.20348641534366116,0.4641001581818104,0.40684148292572814,-0.25586785753265034,1,0,1,0,0,0,0,0,1,0
1.110089852753497,-0.3062477355397919,-0.20348641534366116,-0.07373553915038115,-1.0192601109340673,1.0730374548882362,0,0,1,0,0,0,0,0,1,0
-0.7007784471520802,-0.3062477355397919,-0.20348641534366116,-0.07373553915038115,-1.0192601109340673,1.0730374548882362,1,1,0,0,0,0,0,1,0,0
0.00344811392231097,0.8145595109561294,-0.20348641534366116,-1.687242631146956,1.119892279855626,-0.9203205137430936,1,1,0,0,0,1,0,0,0,0
-0.6001746527128814,0.7555696558773964,-0.8631547944969676,1.0019358555140019,1.119892279855626,-0.9203205137430936,1,0,1,0,0,0,0,1,0,0
-0.9019860360304776,-0.7781665761696533,1.1158503429629518,1.0019358555140019,0.40684148292572814,-0.9203205137430936,1,0,1,0,0,0,0,0,1,0
-0.8013822415912789,0.8145595109561294,0.4561819638096454,-1.687242631146956,-0.3062093140041697,0.40858479867779296,1,1,0,0,0,0,0,1,0,0
-0.09715568051688776,-0.6011970109334553,1.1158503429629518,1.0019358555140019,-1.7323109078639651,1.0730374548882362,0,0,0,1,0,0,0,0,1,0
-1.103193624908875,1.9353667574520508,-2.8421599319568873,0.4641001581818104,-0.3062093140041697,-0.9203205137430936,1,1,0,0,1,0,0,0,0,0
-0.4995708582736827,-0.8961462863271188,0.4561819638096454,-1.1494069338147643,0.40684148292572814,0.40858479867779296,0,0,1,0,0,0,1,0,0,0
-0.9019860360304776,0.22466096016880252,0.4561819638096454,-1.1494069338147643,-0.3062093140041697,-0.25586785753265034,1,0,1,0,0,1,0,0,0,0
0.9088822638750995,-0.8371564312483863,-0.20348641534366116,0.4641001581818104,-0.3062093140041697,0.40858479867779296,1,0,1,0,1,0,0,0,0,0
-1.6062125971048686,2.3482957430031792,-1.5228231736502742,-0.6115712364825727,-0.3062093140041697,-2.9136784823744235,1,1,0,0,0,0,0,0,0,1
-1.3044012137872725,-1.3090752718782477,1.1158503429629518,2.077607250178385,-0.3062093140041697,1.0730374548882362,0,0,1,0,0,0,0,1,0,0
1.110089852753497,0.519610235562466,-0.8631547944969676,1.0019358555140019,0.40684148292572814,-1.584773169953537,1,1,0,0,0,0,0,0,0,1
0.1040519083615097,-0.7781665761696533,1.1158503429629518,0.4641001581818104,-0.3062093140041697,1.0730374548882362,0,0,1,0,0,0,0,1,0,0
-1.0025898304696763,-0.3652375906185244,0.4561819638096454,0.4641001581818104,1.8329430767855237,-0.9203205137430936,1,1,0,0,0,0,1,0,0,0
-1.7068163915440675,0.460620380483733,-0.20348641534366116,1.5397715528461935,-1.7323109078639651,-0.25586785753265034,1,1,0,0,1,0,0,0,0,0
0.4058632916791059,1.2864783515859908,-1.5228231736502742,1.0019358555140019,-0.3062093140041697,-0.25586785753265034,1,1,0,0,0,0,1,0,0,0
-0.09715568051688776,1.6994073371371199,-0.8631547944969676,0.4641001581818104,-1.0192601109340673,-0.9203205137430936,1,0,1,0,0,0,0,0,1,0
-1.103193624908875,-1.6630144023506437,-0.20348641534366116,-1.1494069338147643,0.40684148292572814,-0.25586785753265034,1,0,1,0,0,0,1,0,0,0
0.7076746749967021,0.283650815247535,-1.5228231736502742,3.1532786448427683,0.40684148292572814,-0.25586785753265034,1,0,1,0,0,0,1,0,0,0
-1.4050050082264713,1.5224377719009212,-0.8631547944969676,-1.1494069338147643,1.8329430767855237,-0.9203205137430936,1,1,0,0,0,0,0,0,1,0
-1.2037974193480738,-1.7809941125081092,1.7755187221162583,-0.6115712364825727,1.8329430767855237,1.0730374548882362,0,1,0,0,0,0,0,1,0,0
1.3112974416318945,0.3426406703262675,-0.20348641534366116,-1.687242631146956,-1.0192601109340673,-1.584773169953537,1,1,0,0,0,0,0,0,1,0
0.1040519083615097,-0.01129846014612844,-0.20348641534366116,0.4641001581818104,0.40684148292572814,1.0730374548882362,0,1,0,0,1,0,0,0,0,0
0.9088822638750995,0.4016305254050005,-0.20348641534366116,-0.07373553915038115,0.40684148292572814,-1.584773169953537,1,1,0,0,0,0,1,0,0,0
-0.8013822415912789,-0.8371564312483863,-0.20348641534366116,1.0019358555140019,-1.0192601109340673,0.40858479867779296,0,0,1,0,0,0,0,0,1,0
0.8082784694359008,-1.5450346921931786,1.1158503429629518,-1.687242631146956,0.40684148292572814,1.0730374548882362,0,1,0,0,0,0,1,0,0,0
0.1040519083615097,-2.01695353282304,1.7755187221162583,1.0019358555140019,-0.3062093140041697,1.0730374548882362,0,0,1,0,1,0,0,0,0,0
-1.50560880266567,1.0505189312710599,-0.8631547944969676,-1.1494069338147643,-1.0192601109340673,-0.9203205137430936,1,0,1,0,0,0,0,0,0,1
-0.4995708582736827,1.1684986414285254,-0.20348641534366116,-0.07373553915038115,-0.3062093140041697,-1.584773169953537,1,1,0,0,1,0,0,0,0,0
1.0094860583142982,0.283650815247535,-0.20348641534366116,1.0019358555140019,-1.0192601109340673,0.40858479867779296,0,0,1,0,0,1,0,0,0,0
0.20465570280070844,-0.6011970109334553,0.4561819638096454,0.4641001581818104,1.119892279855626,-0.25586785753265034,1,0,1,0,0,1,0,0,0,0
1.0094860583142982,-1.7220042574293764,1.7755187221162583,0.4641001581818104,1.8329430767855237,1.0730374548882362,0,1,0,0,0,1,0,0,0,0
-1.0025898304696763,0.5786000906411984,-0.8631547944969676,1.0019358555140019,0.40684148292572814,-2.2492258261639804,1,0,1,0,0,0,1,0,0,0
-1.7068163915440675,-1.1910955617207823,1.1158503429629518,0.4641001581818104,0.40684148292572814,1.0730374548882362,0,1,0,0,0,0,0,1,0,0
-1.50560880266567,-0.7781665761696533,0.4561819638096454,-0.6115712364825727,0.40684148292572814,1.0730374548882362,1,0,1,0,0,0,0,1,0,0
-0.4995708582736827,-0.6601868660121878,0.4561819638096454,-0.07373553915038115,1.119892279855626,-0.25586785753265034,1,0,1,0,0,0,0,1,0,0
1.0094860583142982,-0.24725788046105943,-0.20348641534366116,-0.07373553915038115,1.119892279855626,0.40858479867779296,1,0,1,0,0,0,1,0,0,0
0.7076746749967021,-0.8371564312483863,-0.20348641534366116,-1.1494069338147643,-0.3062093140041697,1.0730374548882362,1,0,1,0,1,0,0,0,0,0
1.5125050305102918,0.04769139493260404,-0.20348641534366116,1.0019358555140019,0.40684148292572814,-0.25586785753265034,1,1,0,0,0,0,0,1,0,0
-1.2037974193480738,-0.6601868660121878,-0.8631547944969676,0.4641001581818104,0.40684148292572814,-0.9203205137430936,1,0,1,0,0,0,0,0,0,1
1.4119012360710932,0.7555696558773964,-0.8631547944969676,-0.07373553915038115,-1.0192601109340673,1.0730374548882362,0,1,0,0,0,1,0,0,0,0
0.30525949723990714,1.109508786349793,-2.182491552803581,1.0019358555140019,1.119892279855626,-2.2492258261639804,1,1,0,0,1,0,0,0,0,0
-0.19775947495608648,0.10668125001133705,0.4561819638096454,-0.07373553915038115,1.8329430767855237,1.0730374548882362,0,1,0,0,0,1,0,0,0,0
0.30525949723990714,0.460620380483733,0.4561819638096454,-0.07373553915038115,1.119892279855626,-0.25586785753265034,1,1,0,0,0,0,0,1,0,0
-0.7007784471520802,2.2303160328457143,-2.182491552803581,-0.6115712364825727,-1.0192601109340673,-1.584773169953537,1,1,0,0,1,0,0,0,0,0
0.1040519083615097,-1.250085416799515,1.1158503429629518,0.4641001581818104,-1.7323109078639651,1.0730374548882362,0,0,1,0,0,0,0,0,1,0
0.20465570280070844,-1.3090752718782477,1.7755187221162583,0.4641001581818104,1.119892279855626,1.0730374548882362,1,0,1,0,0,0,0,0,0,1
0.00344811392231097,0.7555696558773964,-0.20348641534366116,-0.6115712364825727,-1.0192601109340673,0.40858479867779296,1,0,1,0,0,0,0,1,0,0
-0.39896706383448394,2.053346467609516,-1.5228231736502742,-0.07373553915038115,0.40684148292572814,-2.9136784823744235,1,1,0,0,0,0,0,1,0,0
-0.29836326939528524,-0.3062477355397919,0.4561819638096454,-0.6115712364825727,1.8329430767855237,-0.9203205137430936,1,0,1,0,0,0,0,0,0,1
1.3112974416318945,1.8173870472945848,-1.5228231736502742,-0.6115712364825727,-0.3062093140041697,-2.9136784823744235,1,1,0,0,0,0,0,0,0,1
-1.7068163915440675,0.10668125001133705,-0.20348641534366116,-1.687242631146956,-0.3062093140041697,-0.25586785753265034,1,1,0,0,0,0,0,0,1,0
-1.50560880266567,-0.7191767210909208,0.4561819638096454,-0.07373553915038115,0.40684148292572814,1.0730374548882362,1,0,1,0,0,0,0,1,0,0
-0.19775947495608648,-1.0731158515633168,0.4561819638096454,-1.687242631146956,-1.0192601109340673,0.40858479867779296,1,1,0,0,0,0,1,0,0,0
0.5064670861183046,0.637589945719931,-0.20348641534366116,-0.6115712364825727,-1.0192601109340673,-0.9203205137430936,1,0,1,0,0,0,0,1,0,0
-0.7007784471520802,-0.9551361414058516,1.1158503429629518,-0.6115712364825727,0.40684148292572814,1.0730374548882362,0,0,1,0,0,1,0,0,0,0
-0.6001746527128814,0.04769139493260404,0.4561819638096454,1.0019358555140019,-0.3062093140041697,-0.25586785753265034,1,1,0,0,1,0,0,0,0,0
-0.8013822415912789,1.6994073371371199,-0.8631547944969676,-1.1494069338147643,0.40684148292572814,-0.9203205137430936,1,1,0,0,1,0,0,0,0,0
-0.19775947495608648,1.4044580617434563,-0.8631547944969676,-0.6115712364825727,0.40684148292572814,-1.584773169953537,1,0,1,0,1,0,0,0,0,0
-1.0025898304696763,-1.3090752718782477,2.4351871012695647,-0.6115712364825727,-1.0192601109340673,1.0730374548882362,0,0,1,0,0,0,0,0,0,1
-0.6001746527128814,-0.6011970109334553,-0.8631547944969676,1.5397715528461935,1.8329430767855237,0.40858479867779296,1,1,0,0,1,0,0,0,0,0
0.6070708805575034,-1.4860448371144457,0.4561819638096454,-1.1494069338147643,-1.7323109078639651,1.0730374548882362,0,1,0,0,1,0,0,0,0,0
1.0094860583142982,0.04769139493260404,1.1158503429629518,-0.6115712364825727,-1.7323109078639651,1.0730374548882362,1,1,0,0,0,1,0,0,0,0
-1.0025898304696763,0.8145595109561294,-0.8631547944969676,0.4641001581818104,-0.3062093140041697,1.0730374548882362,1,0,1,0,0,0,0,0,1,0
1.0094860583142982,0.04769139493260404,0.4561819638096454,1.0019358555140019,-0.3062093140041697,0.40858479867779296,1,1,0,0,1,0,0,0,0,0
0.8082784694359008,1.2864783515859908,-0.8631547944969676,-0.6115712364825727,-0.3062093140041697,-0.25586785753265034,1,0,1,0,0,0,1,0,0,0
-1.0025898304696763,-0.7781665761696533,1.7755187221162583,-1.687242631146956,-0.3062093140041697,0.40858479867779296,1,0,1,0,1,0,0,0,0,0
1.0094860583142982,0.22466096016880252,-0.8631547944969676,-0.07373553915038115,0.40684148292572814,-0.9203205137430936,1,1,0,0,0,0,0,0,1,0
